"year","rating","runtime","language","genre_count","keyword_count"
"2016","7.9","116","en","2","4"
"2014","8.7","169","en","3","4"
"2017","8","164","en","3","4"
"2015","8","144","en","2","4"
"2019","7.9","130","en","3","4"
"2014","8.1","99","en","2","4"
"2020","7.4","90","en","3","4"
"2016","7.4","116","en","3","4"
"2014","8.5","107","en","2","4"
"2016","8","128","en","3","4"
"2019","7.8","135","en","2","4"
"2010","7.8","120","en","1","4"
"2018","8.4","117","en","3","4"
"2022","7.8","139","en","3","4"
"2015","8.1","120","en","3","4"
"2024","8.5","166","en","3","4"
"2017","8.4","105","en","3","4"
"2017","7.8","104","en","3","4"
"2017","7.8","104","en","3","4"
"2018","7.5","90","en","3","4"
"2008","9","152","en","3","4"
"2010","8.8","148","en","3","4"
"1994","9.3","142","en","1","4"
"1972","9.2","175","en","2","4"
"2019","8.5","132","ko","3","4"
"2001","8.6","125","ja","3","4"
"2001","8.8","178","en","3","4"
"1998","8.2","103","en","3","4"
"2006","8.5","130","en","3","4"
"2004","8.3","108","en","3","4"
"2015","8.1","95","en","3","4"
"1987","8","98","en","4","4"
"2002","8.6","130","pt","3","4"
"2014","8","114","en","3","4"
"2023","8.3","180","en","3","4"
"2022","7.2","107","en","3","4"
"1952","8.3","103","en","3","4"
"1954","8.6","207","ja","3","4"
"2019","7.5","100","zh","3","4"
"2016","8.4","106","ja","3","4"
"2016","8.3","161","hi","3","4"
"2009","8.4","170","hi","2","4"
"2001","8.1","224","hi","3","4"
"2022","7.8","187","te","3","4"
"2015","8","159","te","3","4"
"2012","7.7","145","te","3","4"
"2021","8.7","164","ta","3","4"
"2022","8.3","174","ta","3","4"
"2019","8.2","176","ta","3","4"
"2016","7.6","118","ko","3","4"
"2003","8.3","120","ko","3","4"
"2022","7.3","138","ko","3","4"
"2018","7.9","121","ja","3","4"
"1988","8","124","ja","3","4"
"2006","8.2","118","es","3","4"
"2014","8.1","122","es","3","4"
"2001","8.3","122","fr","3","4"
"2011","8.5","112","fr","3","4"
"1988","8.5","155","it","2","4"
"2006","8.4","137","de","3","4"
"2000","7.9","120","zh","3","4"
"2000","8.1","98","zh","2","4"
"2011","8.3","123","fa","2","4"
"2020","7.7","117","da","2","4"
"2013","8.3","160","ml","3","4"
"2019","8.5","135","ml","3","4"
"2022","8.2","148","kn","3","4"
"1955","8.2","125","bn","2","4"
"2016","8.2","174","mr","2","4"
"2014","8","196","tr","1","4"
"1979","8.1","163","ru","3","4"
"2021","7.7","128","no","3","4"
"2017","7.6","130","th","3","4"
"2008","8","90","he","3","4"
"2009","7.2","97","el","2","4"
"2011","7.6","101","id","3","4"
"2013","7.4","82","pl","2","4"
"2018","8.4","126","ar","2","4"
